Complexity,Loss,Equation
1,0.01090860200062976,"0.01179172761047903"
3,0.0014449436163407243,"T * 1.6980761725386556e-6"
5,9.918885053342486e-5,"T * (T * 3.939199211888138e-12)"
7,5.296611362073837e-7,"(T * (3.997823891063029e-29 * T)) * omega"
9,2.62606903010562e-9,"omega * ((T + -25989.692736546393) * (T * 4.21900415703569e-29))"
11,2.6260690301056184e-9,"(-0.5969913136348922 + omega) * (((T + -25989.692736546393) * T) * 4.21900415703569e-29)"
13,1.287179356217199e-11,"((-98731.94352011781 - (-3.3605826017512275e-12 * omega)) + T) * ((omega * 2.7125032192406653e-29) * T)"
15,1.282147789604529e-11,"((((T + -98731.94352011872) - (omega * -3.3605807884501497e-12)) * T) * (omega * 2.7125032192406653e-29)) - -2.258025249837493e-7"
