Complexity,Loss,Equation
1,0.05244618505960565,"0.055768699796092176"
3,0.002612910125533349,"omega * 1.9045204362650606e-13"
5,7.837987529742412e-5,"(omega * omega) * 3.9938113768241124e-26"
7,7.17328325977073e-5,"((omega * omega) * 3.99833841424565e-26) - 0.00259197292723549"
9,2.5837315512426373e-5,"T * (2.4569696142170045e-15 / ((4.916618181601518e14 / omega) / omega))"
11,2.9293831860973795e-7,"(3.99833841424565e-26 * (omega * omega)) * (3.99833841424565e-26 * (omega * omega))"
13,1.4502748515703181e-7,"(T - 4405.14316210373) * ((omega * -6.2250860640075015e-19) / ((-4.4760503594503025e14 / omega) / T))"
15,1.3747735144948477e-7,"((omega * -6.102657707009742e-19) / (((-4.4760503594503094e14 / omega) + 1.768189711297501) / T)) * (T - 4405.138374920536)"
17,1.2185717510720084e-8,"(-3.048497025276545e-22 / ((-1.1213626451029515e15 / omega) / ((T * T) * omega))) / (1.7278079324701907 / (T - 4027.7591240210295))"
