Complexity,Loss,Equation
1,0.05246913465902803,"0.055555565846001576"
3,2.243774497160852e-5,"omega * 1.9991922328519535e-15"
5,8.881548645254006e-9,"(omega * 3.999999156682479e-30) * omega"
7,2.7862416543490967e-9,"(omega / (T + -1005.6520121016835)) * -1.1304023610712426e-14"
9,3.5199159012834064e-17,"(omega * omega) * (omega * (omega * 1.5999999999999847e-59))"
11,1.9554827748090926e-17,"omega * (((omega * omega) * (omega * 1.5999994840028225e-59)) - -6.480104909049858e-22)"
14,1.9554827413502365e-17,"(omega - exp(-6.480104909049858e-22)) * (((omega * omega) * (omega * 1.5999994840028225e-59)) - -6.480104909049858e-22)"
