Complexity,Loss,Equation
1,0.03439496164614886,"0.036569306141134905"
3,0.01795313710016531,"omega * 9.735321509303594e-14"
5,0.010995382643598377,"(T * omega) * 4.548521798605672e-17"
7,1.5306099042926467e-5,"0.008186677541524641 / ((16861.600486654133 / T) + -5.612347033174922)"
9,1.5306074410739488e-5,"(0.008186643311418157 / ((16861.600486654163 / T) + -5.612346947023669)) * 0.999984850129461"
14,1.5229425327781957e-5,"sqrt((16861.60048497512 / T) + -4.6398852171109475) * (0.0059780556219092545 / ((16861.60048497512 / T) + -5.614613499167602))"
15,1.4993956783648344e-5,"(sqrt(sqrt((16861.600485995008 / T) + -4.960710990451404)) / ((16861.600485970455 / T) + -5.614344941469016)) * 0.006866680831164841"
