Complexity,Loss,Equation
1,0.017538265187986717,"0.017857146227344654"
3,0.00018410458661666126,"omega * 1.9793802790186667e-15"
5,1.7885731927669888e-6,"omega * (omega * 4.000003615258286e-30)"
7,1.785821556568365e-8,"((omega * omega) * omega) * 7.99999199949185e-45"
9,1.7863043413891388e-10,"(((omega * omega) * omega) * 1.6000028922079361e-59) * omega"
11,1.7863056117008272e-12,"(((omega * omega) * (omega * omega)) * omega) * 3.2000000026190397e-74"
14,6.122915384438781e-16,"sqrt(omega + ((omega * ((omega * (omega * 1.6015489817065745e-59)) * omega)) - omega))"
